name,age,gender,attendance_rate,assignments_completed,midterm_score,final_exam_score,dropout
Cheyenne Howell,21,Female,0.7815526095095575,13,64,87,1
Patrick Mendoza,19,Male,0.5259234623383273,20,70,78,1
Mark Hudson,22,Female,0.5437190653864235,13,100,97,0
Sharon Klein,20,Male,0.7173180637750349,5,67,75,1
Jared Turner,23,Female,0.6728816762004053,2,75,44,0
Joy Dixon,20,Male,0.6490852459142245,8,40,87,1
Jane Young,24,Female,0.9365430209036626,4,94,99,0
Joseph Owens,23,Female,0.7044391677738225,20,70,95,0
Jonathan Bowman,19,Female,0.5781577025993305,10,65,52,1
Tony Jacobs,24,Female,0.9501652159883751,4,56,86,1
James Harvey,24,Male,0.6428705167555058,19,44,52,0
Noah Moreno,22,Female,0.9038856836914634,4,67,92,1
Jennifer Gates,21,Male,0.6646628379658908,17,63,73,1
Elizabeth Ferrell,24,Male,0.6462358372854802,7,46,55,1
Rachel Krause,22,Female,0.6078637324806575,8,84,45,1
Jimmy Rivera,23,Female,0.6591704605631208,15,54,73,0
Jonathan Frederick,19,Female,0.5366392676120508,3,57,90,1
Ruben Evans,19,Male,0.5494104111111329,18,98,93,1
Larry Andrews,23,Male,0.6287739075272323,7,84,47,1
James Robinson,20,Male,0.6563780591239767,11,64,51,1
Larry Smith,24,Male,0.9450835237545492,0,68,93,1
Kenneth Kirk,20,Male,0.6549820827393561,9,87,83,0
Mr. Robert Booker DDS,24,Female,0.5493304542193758,19,59,87,0
Shelly Mack,18,Male,0.8272229714326811,13,71,54,0
Theresa Black,20,Male,0.6955020015338943,14,77,93,1
Maurice Hunt,24,Female,0.9022146208134654,0,83,58,1
Julie Roth,25,Female,0.7002633085492169,19,65,63,0
Mrs. Taylor Garcia,23,Male,0.5205490453287054,14,54,50,1
Alicia Fitzgerald,25,Female,0.7722622798371281,17,79,64,1
Lisa Dominguez,19,Female,0.7089650758181434,15,70,93,0
Joseph Ochoa,25,Male,0.6923037982513249,10,57,75,1
Richard Bradley,24,Female,0.7836536036823281,10,69,50,1
Johnathan Anderson,21,Female,0.7275701112847058,17,53,100,1
Lindsey Melendez,23,Female,0.68290526801402,9,67,66,0
Ruben Bennett,24,Female,0.7553003069483815,16,72,99,0
Brian Henry,20,Female,0.6955689567110539,15,100,71,1
William Zavala,22,Female,0.9395890235057185,20,65,80,1
Natasha Parker,21,Male,0.8553526979870267,13,57,90,0
Katelyn Saunders,23,Female,0.7434892747259485,16,69,61,0
Jessica Weber MD,24,Female,0.9614394203960324,12,63,88,1
Christopher Smith,25,Male,0.7748680245387612,2,61,85,0
Michael Dunn,18,Female,0.6920345007222894,18,89,78,0
Gary White,18,Male,0.984934245985319,14,63,79,1
Robin Villa,21,Female,0.806402804178626,3,42,86,0
Charles Jackson,21,Female,0.7047115170788406,12,85,79,1
Charles Henderson,24,Male,0.527457422291153,2,64,50,0
Phillip Greene,25,Female,0.7122904925016471,15,45,82,1
Patricia Flores,18,Female,0.7895749486025339,9,75,71,0
Melissa Stevens,25,Female,0.7893767807251718,14,48,76,0
Vanessa Williams,20,Male,0.5873485253384026,8,52,71,1
Andrea Wagner,25,Female,0.7622326959614161,6,68,53,0
Robert Castillo,22,Male,0.946726311182216,3,62,63,0
Jamie Pratt,18,Male,0.6056879262918136,7,51,58,1
Amanda Cole,25,Female,0.8506994941510407,15,78,72,1
Darryl Becker,25,Male,0.9573442004046344,6,50,60,1
Andrea Mcdonald,25,Male,0.9995502241994341,3,42,71,0
Mark Schroeder,22,Female,0.9994141632570219,16,76,59,1
Adrian Yates,20,Female,0.6030037243325508,3,40,92,1
Larry Lewis,18,Female,0.7100864668108888,2,88,43,0
Rachel Lawson,25,Male,0.772198202232826,2,48,100,1
Jennifer Cox,18,Female,0.9640231435494884,2,70,83,1
Felicia Valdez,24,Female,0.7256162967704003,5,85,91,1
Scott Watts,19,Male,0.9613906362862995,18,89,88,0
Alexa Anderson,21,Female,0.9350862920796181,13,52,52,0
Bailey Cooper,19,Male,0.7577408246614219,1,58,80,1
Jeffrey Sims,25,Male,0.5642462032605466,12,46,76,0
Ariel Harrington,23,Female,0.7690656609760452,10,90,62,0
Laura Whitaker,18,Female,0.5120231528531438,17,86,48,0
William Lamb,21,Male,0.9429436883769303,7,99,74,1
Jacqueline Harris,21,Female,0.914333246917459,5,43,91,0
Jason Diaz,20,Female,0.7254385216415475,11,80,78,0
John Bowen,23,Male,0.615529642186682,5,93,94,0
Brandon Morris,19,Female,0.6933593279050828,8,47,57,1
Cynthia Walker,21,Female,0.9161190667642047,5,73,100,1
Mary Cole,23,Male,0.7181833967203317,19,78,47,1
Lisa Coleman,20,Female,0.7510809181968443,3,86,72,1
Aaron Marsh,18,Male,0.532512009755291,7,91,59,0
Jennifer Mack,25,Female,0.689723664609777,13,65,59,1
Michele Robinson,22,Female,0.5304319208019217,10,84,54,0
James Cox,21,Male,0.9058401882295566,4,95,77,0
Kevin Mcbride,23,Male,0.8694381878490103,6,50,81,1
Sandra Farmer,24,Male,0.9344015801412126,16,96,87,1
Tyler Webb,24,Male,0.8667991852771986,1,66,65,0
David Acevedo,22,Male,0.7682358326174669,7,68,43,1
Courtney Green,22,Female,0.8544459706319484,6,94,69,1
Brian Garcia,23,Male,0.7358326431539417,15,80,72,1
Donald Hall,20,Male,0.6591420169630271,16,56,61,1
Wendy Duncan,24,Female,0.5750886509745492,9,51,78,0
Susan Zimmerman,23,Female,0.8642411716695987,5,100,71,1
Danny Smith,21,Male,0.7374227992674498,10,66,93,0
Christina Wells,25,Male,0.9281210004909146,20,79,55,0
Erik Baxter,24,Male,0.7640842285522236,1,42,59,1
Alexander Mccoy,22,Female,0.7930133614337871,12,56,95,0
Courtney Mccall,25,Female,0.8485855572849099,8,82,42,1
Steven Walker,24,Male,0.6797144383011435,19,41,84,1
Christian Smith,23,Male,0.5665579541206953,17,73,64,0
Joel Jackson,18,Female,0.8403896009313668,9,79,71,0
Michael Jackson,21,Male,0.553840875292049,17,79,47,1
Jeffrey Washington,19,Male,0.5360245893881697,20,42,54,1
George Moreno,20,Male,0.6897419567631252,2,79,94,1
Michael Donovan,25,Female,0.9070013480334219,10,89,47,1
Jennifer Lopez,21,Male,0.6322078780345874,19,80,80,1
Kimberly James,19,Male,0.707418531374181,1,81,97,1
Natalie Hamilton,19,Male,0.7359397528296104,8,92,45,1
Thomas Jimenez,23,Female,0.7388396754474169,20,85,77,0
Emily Fletcher,25,Female,0.6931284390846806,15,95,93,0
Mary Ashley,23,Male,0.6919047231306455,8,87,94,0
David Butler,24,Female,0.5181705735433382,13,76,99,1
Kimberly Bryant,21,Female,0.6226940798678623,5,86,65,1
Rachel Parks,18,Male,0.9348905560208608,11,64,45,0
Brenda Garza,22,Female,0.958834402752488,8,95,51,0
Hayden Mccarty,23,Male,0.7353400863168571,0,83,58,1
April Palmer,18,Male,0.8421203367596326,5,87,77,1
Barbara Sampson,23,Male,0.9694862779461324,7,45,91,1
James Anderson,18,Female,0.8766881520692931,3,66,49,0
Paul Stewart,20,Female,0.7097175413405028,7,98,57,0
Erica Jones,19,Male,0.8168150875116326,18,63,75,0
Dale Adams,24,Male,0.7991788205383799,16,62,43,1
Cassandra Key,24,Male,0.7594553524010798,12,60,83,0
Richard Calhoun,22,Female,0.6423854969003695,12,84,43,0
Casey Garcia,23,Female,0.9522130288936417,8,52,60,0
David Caldwell,22,Female,0.8125078988083707,1,47,74,1
Mrs. Lisa Johnson MD,23,Female,0.7063118958959167,0,84,97,0
Robert Lee,23,Male,0.6241888904460047,5,60,48,1
Melissa Cooper,23,Female,0.5103044044800653,13,83,71,1
Alexa Pittman,23,Male,0.9333058060683617,18,85,93,0
Linda Lloyd,20,Female,0.7502324364775393,7,69,74,0
Steven Everett MD,24,Male,0.7376574706379686,1,52,60,1
Debra Summers,24,Male,0.692176437531715,19,49,48,0
Frank Cohen,18,Male,0.9780892620594865,3,82,98,0
Miss Deanna Price DVM,23,Male,0.5460746422404444,9,59,49,1
Carrie Morris,25,Male,0.8439298916534634,5,91,62,1
Jonathan Hamilton,23,Female,0.6151428627017541,8,63,57,1
Harry Drake PhD,21,Female,0.6723950501923731,14,83,61,1
Ashley Garcia,25,Female,0.5754568967843268,18,93,67,1
Michelle Shelton,23,Male,0.5565845132563445,1,93,90,0
Wendy Horton,25,Male,0.6478061409738485,3,50,95,1
Stephanie Rowe DDS,23,Male,0.5273991403536676,14,65,84,0
Benjamin Swanson,25,Female,0.6754970768810402,11,95,88,0
Dawn Harper,22,Female,0.6830175264146601,10,44,83,0
Christopher Duncan,22,Male,0.5006585917706148,1,94,79,1
Christina Conner MD,20,Female,0.7846903114617754,3,46,78,1
Donna Foster,24,Female,0.95976708965599,13,83,75,0
Kenneth Doyle,20,Male,0.580014606036138,16,80,71,0
Edward Dalton,21,Male,0.8129455040220654,11,58,67,0
Bryan Hunter,25,Female,0.9667026713016365,9,99,63,1
Marc Ross,19,Male,0.9454067800380819,12,40,82,1
Tiffany Brown,19,Female,0.5390363094759314,19,74,92,1
Heather Phelps,21,Male,0.9856313217559727,8,78,99,1
Daniel Munoz,24,Female,0.6347957003367642,17,65,69,1
Debbie King,18,Male,0.6124455994154914,20,60,53,0
Kenneth Riley,19,Male,0.9416598304768888,17,65,87,0
Christopher Burns,25,Male,0.7909753121312453,13,69,63,0
Michael Faulkner,21,Male,0.7828141296253579,4,59,67,1
Sarah Sandoval,19,Female,0.9185864289897533,13,41,67,0
Morgan Herrera,18,Male,0.6601614282461135,16,96,41,0
Colleen Padilla,19,Male,0.6229671041828124,18,91,82,1
Jodi Matthews,22,Male,0.8223670643935713,20,81,69,0
David Adams,18,Female,0.5193865028523309,19,55,51,1
Theresa Peterson,24,Female,0.7690834918968739,20,68,59,1
Shannon Bell,22,Male,0.5081847927434304,9,58,79,0
Joseph Patel,18,Female,0.7440046565509251,0,43,67,0
Erin Torres,21,Male,0.8152640874172139,4,78,62,1
Christopher Andrews,23,Female,0.714161446300174,19,41,88,0
Jessica Norman,20,Female,0.7659027105988432,19,65,86,1
Lisa Pena,20,Male,0.8430167855258008,8,57,76,0
Cody Kent,22,Female,0.9791248375392072,17,57,69,1
Amanda Smith,20,Male,0.5359595875207339,19,73,63,0
Cynthia Donovan,22,Male,0.5023715628683574,14,60,82,0
Dawn Reynolds,21,Male,0.8094035626648357,12,41,87,1
Anthony Levine,19,Male,0.9808265880586685,17,48,89,0
Timothy Day,24,Male,0.7761947783204712,10,77,67,1
Joseph Guzman,19,Male,0.8490311622450899,6,47,89,0
Timothy Erickson,24,Male,0.7234677111910229,9,100,79,0
Timothy Wilson,25,Female,0.7599977746016872,7,68,52,1
Amanda Clark,19,Female,0.9910260386591436,16,84,83,1
Nathaniel Kelley,24,Female,0.6591653961626855,6,96,61,0
Philip Roberts,21,Male,0.872390161252081,18,83,66,1
Madison Phillips PhD,18,Male,0.692776504620787,11,78,43,0
Kyle Duffy,24,Male,0.683916286209876,17,68,58,0
Teresa Larson,23,Female,0.6318253084173464,6,44,60,1
Dr. Dennis Shea MD,19,Male,0.5751417326611149,6,99,78,0
Amy Moran,23,Male,0.7935982073425962,10,40,91,0
Samuel Downs,21,Male,0.838388736716503,0,79,70,1
Stephanie Roy,20,Male,0.5872249682127479,20,81,94,1
Gabriela Haynes,25,Female,0.8137249568914686,17,43,72,0
Traci Lee MD,23,Female,0.9132609532075663,14,44,52,0
Steven Durham,19,Male,0.7387575584346514,1,71,60,1
Stephanie Logan,19,Female,0.5744556699425708,19,42,59,1
Christian Evans,25,Female,0.9813477702031856,17,85,48,1
Scott Russell,18,Male,0.7103256133164,2,66,55,0
Scott White,21,Female,0.6061796309031176,2,50,40,0
Deborah Jordan,23,Female,0.8749091434857732,1,84,81,1
Julia Cox,19,Female,0.7193595505197878,0,69,45,0
Linda Fletcher,20,Female,0.8278370414374256,19,77,94,0
Kevin Gutierrez,24,Male,0.974887097261647,18,88,67,1
Stephanie Parks,25,Female,0.7546097599235017,2,43,45,1
Derek Richardson,21,Female,0.6533752981471448,3,41,65,1
Cheryl Fitzgerald,18,Male,0.6825173783041941,17,93,62,0
Gregory Gomez,23,Male,0.9319469104213152,20,63,95,1
Carmen Zavala,21,Male,0.7572639364075678,7,78,68,0
Ashley Harris,22,Female,0.6279152596531412,10,64,77,1
Amy Buchanan DDS,21,Male,0.9845661283181784,5,86,60,0
Eric Hernandez,21,Female,0.8130798184010767,18,77,88,1
Edward Bell,25,Female,0.7343421847792522,15,72,81,0
James Flores,25,Male,0.5858854309098416,0,100,89,1
Brenda Pope,25,Male,0.91508646966093,14,97,81,0
Laurie Davidson,22,Male,0.798174659336031,8,85,50,1
Samuel Reynolds,20,Male,0.6102605343399745,20,57,53,0
Virginia Hughes,19,Male,0.9717544808371925,3,83,52,0
Andrew Gross,18,Female,0.5335672897194805,9,41,42,0
Anthony Baldwin,22,Female,0.7053660294809424,13,62,45,0
Patrick Cruz MD,25,Female,0.8799567334957452,11,83,91,1
Jodi Ponce,19,Male,0.5879921553407321,4,80,94,1
Mario Davis,24,Male,0.786653555482751,6,68,59,0
Alice Austin,25,Male,0.7616722536176075,19,85,48,1
Denise Bradshaw,25,Male,0.6699758124104757,19,78,53,0
Adam Rojas,24,Female,0.6247431892668124,4,77,88,1
Eric Hurst,21,Male,0.8003304134898156,9,98,69,1
Jennifer Carroll,21,Male,0.5909614319805958,4,40,99,0
William Holt,21,Female,0.7910452322400109,17,54,75,1
Briana Williamson,23,Female,0.5254618535394506,14,57,84,0
Tyler Cooper,25,Female,0.5524647523854855,12,73,65,1
Daniel Gonzales,21,Male,0.6320988978016313,12,48,47,0
Charles Weaver,18,Female,0.8668559077088398,3,66,43,1
David Knight,23,Female,0.94998074464291,17,51,92,0
Dr. Stephanie Oliver,22,Male,0.9633399481202229,20,61,51,1
Phyllis Ford,22,Male,0.8074479746940513,15,89,45,1
Roger Hendricks,25,Female,0.9562347505358388,13,88,74,0
Tyrone Goodman,23,Female,0.8300740136039303,12,97,86,0
Maureen Little,18,Male,0.626476594846227,11,85,51,1
Harry Romero,18,Female,0.6412476563166235,14,91,50,1
Heather Berger,19,Female,0.5513360217066052,13,90,87,1
Ryan Becker,20,Male,0.9007549475800739,5,88,72,1
Glenn Anderson,22,Male,0.7798417349571528,6,82,51,1
Rebecca Garcia,25,Female,0.8636810313462693,18,71,80,0
Todd Lewis,18,Male,0.637790785975727,10,73,96,1
Christine Vasquez,21,Female,0.860796073666253,18,79,51,0
Amy Mullins,19,Female,0.7654976909164557,1,87,74,0
Michael Davidson,23,Female,0.9413700354700358,1,42,62,0
Jeremy Hodge,21,Female,0.9083193459219407,10,84,60,0
William Norris,25,Male,0.6191036412313118,0,44,78,1
Tammy Duffy,25,Female,0.751377224315265,20,87,72,0
John Bishop,23,Male,0.6389722615507195,0,53,82,1
Tina Taylor,20,Female,0.6364385679715105,6,90,89,0
Mariah Mccann,25,Male,0.60283342925601,20,86,72,1
Lance Crosby,21,Female,0.9943039291909888,12,87,71,1
Daniel Miller,25,Male,0.6054308961383806,14,88,82,0
Ryan Walker,18,Female,0.9429396613431232,18,62,86,0
Amanda Lee,21,Male,0.5046493313274687,17,62,44,1
Kristi Johnson,24,Female,0.6184467897489163,15,90,88,0
Jeffrey Noble,24,Male,0.7270588132620177,9,86,97,0
Teresa Rivera,25,Female,0.8657604469541809,9,97,43,0
Nicole Jones,19,Female,0.8585969326557457,19,51,47,0
Melissa Young,24,Male,0.6672650529778656,12,89,94,1
Anthony Edwards,25,Male,0.5488957463647514,7,57,50,1
Bryan Shaffer,22,Female,0.7744299265710209,0,99,62,1
James Raymond,20,Male,0.8843829727696872,20,40,75,0
Rachel Pittman,25,Female,0.8253247630306408,14,46,81,0
Karen Barnes,25,Male,0.7556396022437057,10,72,59,1
Catherine Morrison,18,Female,0.5748563102934231,19,72,74,0
Kathryn Johnson,21,Male,0.7497886045152122,8,96,95,0
Kelly Gamble,18,Female,0.7000047271768381,12,55,83,0
Tonya Li,21,Female,0.6350876837474183,18,96,87,1
Sharon Thompson,20,Male,0.8462704889154926,8,96,64,0
Tracy Ross,19,Male,0.9679491638052475,8,42,49,0
Johnny Santana,19,Male,0.7387972297075015,18,50,53,1
Ian Hughes,21,Male,0.6612557756782442,5,42,54,1
Martha Randall,25,Male,0.5661903454831424,4,44,95,0
Katherine Johnson,22,Male,0.5049905950188027,10,75,98,1
Mary Gonzalez,21,Female,0.9387916707252356,10,74,52,0
Tammy Rios,23,Female,0.7952331191925932,20,83,45,1
Shelby Robertson,20,Male,0.5995117761432203,15,89,67,1
Gerald Williams,19,Male,0.8282275827919214,15,62,46,0
Lawrence Massey,18,Female,0.8813288391863376,7,77,68,1
John Booker,20,Male,0.5132699996073518,10,83,61,0
Kristin Parker,24,Male,0.8617150051347837,0,64,63,0
Jose Cook,24,Male,0.9227970350582924,3,72,57,0
Ashley Bonilla,20,Male,0.8197865567337812,7,82,72,1
Suzanne Pacheco,20,Male,0.5193559224792081,18,54,75,0
Javier Collier,25,Male,0.570205987090971,19,91,70,1
Richard Lawson,25,Male,0.5340756487670071,10,93,40,0
Kristen Keller,20,Female,0.6547914729623696,16,41,80,0
Michael Kelly,20,Male,0.9855748544266614,6,98,60,1
Christopher Brady,20,Female,0.6487992897111621,12,54,40,1
Patricia Henry,23,Female,0.9313881374415954,8,50,95,0
Richard Hopkins,21,Male,0.5789199422752735,2,55,87,0
Andrew Peters,18,Female,0.7469876684109253,5,100,80,0
Derek Ford,23,Male,0.5550632190807077,0,90,47,0
Amanda Black,21,Female,0.9358309426791969,6,84,45,1
Robert Wright,21,Female,0.9415296567990463,5,77,100,1
Sergio Holloway,20,Female,0.7150606527203038,16,57,61,1
Audrey Fitzgerald,18,Female,0.8435894754521066,14,87,47,1
Michelle Shelton,22,Male,0.8768360507909985,0,43,69,1
Paul Dunn,25,Female,0.8339170298817625,15,81,58,1
Kenneth Lewis,25,Female,0.8734162383174797,10,76,70,0
David Johnson,25,Female,0.7505272086379189,12,84,69,0
Stephanie Contreras,20,Male,0.6561058160138344,12,68,40,1
Karen Malone,24,Male,0.7117330845609144,10,64,46,1
Michael Harrison,25,Male,0.8609848139454189,12,49,71,1
Dennis Wolf,20,Male,0.7928601267586198,10,90,44,1
Julie Dunn,24,Male,0.9548777776367253,9,53,92,0
Troy Brown,25,Male,0.9410080601915061,17,43,60,0
William Pierce,24,Male,0.6980936362267152,4,57,74,1
James Cruz,20,Male,0.7263061702843074,7,95,100,1
Dylan Moore,25,Female,0.6079672912278373,0,60,70,0
Jesus Hill,24,Male,0.5420103509319566,3,54,65,1
Stacey Bennett,18,Female,0.7017128497621248,2,52,80,0
Crystal Mitchell,24,Female,0.5683400101443831,3,65,48,0
Kathleen Odom,21,Female,0.8120086835811042,0,68,99,1
Gregory Roberts,21,Male,0.8384548274981161,17,57,58,1
Jose Williams,24,Male,0.7335108975651459,17,40,52,1
Andrew Adams,21,Male,0.5421257396115128,2,47,96,1
Chelsea Lewis,18,Female,0.9636401690038547,15,89,89,1
Michael Brock,21,Male,0.7023865478019121,9,94,59,1
Sandra Castro,23,Female,0.763215338403644,18,69,93,1
Eric Hunter,24,Male,0.9087884691557757,9,76,87,0
Tiffany White,21,Male,0.6088061894185149,11,67,69,0
Nicholas Shah,18,Male,0.9407755597077576,20,47,85,1
Samantha Walker,20,Female,0.6040311107697389,15,98,40,0
Sheila Turner,18,Male,0.922957272940649,16,68,41,0
Leslie Huff,18,Female,0.8642468102898602,0,78,54,1
Joseph Brown,19,Female,0.8139158592078635,12,85,87,0
Kevin Villarreal,23,Female,0.6850398630862649,12,96,96,1
Patrick Cole,23,Female,0.5535495351316837,16,50,83,0
Dave Rodriguez,18,Female,0.9878151863020768,12,70,79,0
John Anderson,23,Female,0.6380499084839333,5,52,57,0
Erik Coleman,24,Female,0.7064351722605686,14,55,91,1
Sandra Conway,23,Male,0.6770241844995717,6,70,47,1
Mason Sanchez,22,Male,0.713373424109764,16,85,48,0
Jeffrey Park,25,Female,0.7994894117023201,5,42,80,0
Eugene Jones,24,Male,0.7169782257065271,19,93,80,0
Frank Hamilton,22,Female,0.5969816405210335,5,91,92,1
Bradley Roach,25,Female,0.9531198578856034,11,75,88,0
Dawn Price,24,Male,0.7593466965056784,5,99,98,1
Brittney Johnson,18,Female,0.576896813534255,13,43,41,1
Brian Knapp,23,Male,0.5988421152434684,13,40,97,1
Erin Pope,19,Female,0.7766763537777283,3,51,42,0
Gregory Harper,23,Female,0.6252734200831109,3,96,41,1
Gregory Wagner,25,Female,0.8163157471749809,16,54,99,1
Andrew Kaiser,25,Female,0.6149401313274063,19,79,89,0
Tyler Short,25,Male,0.5606743115000915,13,73,70,1
Antonio Brennan,24,Female,0.7672649394198534,0,85,70,1
Alexis Adkins,18,Female,0.6203134554977445,14,68,71,1
Victoria Long,24,Female,0.7589446178603327,9,43,94,0
Elizabeth Turner,24,Male,0.7193405836284109,7,67,96,0
Donald Drake,22,Female,0.9728375174710482,8,51,70,0
Thomas Thomas,22,Female,0.6179634806691483,20,88,78,0
Maria Thompson,25,Male,0.5851949455905003,16,47,56,0
James Morgan,25,Male,0.9775289298570975,4,50,53,0
Cody Coleman,20,Male,0.925598856510466,20,48,54,1
Stacey Smith,19,Male,0.5564723566992114,18,80,48,0
Kimberly Schmidt,22,Female,0.5545814875887471,7,80,99,0
Christine Clark,20,Female,0.6672994587895711,17,45,88,0
Audrey Bautista,23,Female,0.6316185421404317,3,87,53,0
John Shields,21,Male,0.7515078936359252,20,75,57,0
Amy Taylor,19,Male,0.5997706510265371,18,71,53,1
Lance Hays,23,Female,0.892379542085092,5,55,41,1
Diana Miller,21,Female,0.7601133399651965,2,59,70,1
Anne Mcconnell,24,Male,0.7871539103338785,11,51,60,1
Shawn Wallace,19,Female,0.9823026979134497,17,67,49,1
Christine Flores,18,Male,0.6135750747410054,11,61,89,0
Kristine Combs,18,Female,0.7184513274053772,16,91,44,1
James Rodriguez,24,Male,0.8290889065678195,3,57,89,0
Yvette Green,24,Female,0.705578857393686,20,40,68,0
Anthony Jackson,25,Female,0.8064873356322557,13,75,64,0
Veronica Henderson,20,Female,0.7418835234246413,8,63,68,0
John Waller,25,Male,0.9091780294893832,15,98,41,0
Sarah Black,18,Male,0.6717551873645635,3,93,41,0
Michelle Johnson,18,Female,0.8749149770208005,4,45,67,0
Jacqueline Nelson,23,Male,0.8988209354918862,0,76,55,1
Laurie Johnson,25,Female,0.7698593953260835,18,70,47,1
Dr. Sonya Mclaughlin,24,Male,0.7599134390538808,10,45,91,0
Edward Burnett,20,Male,0.9548021644213086,5,84,53,1
Kevin Miller,22,Male,0.6308936351650081,13,43,52,0
Ernest Mitchell,19,Female,0.7975893371276109,9,95,51,1
Jacqueline Ibarra,19,Male,0.937496906440924,6,99,42,1
Eugene Richardson,19,Male,0.5429000123049561,17,73,78,1
Brandon Robinson,21,Female,0.8855050439606702,3,47,72,0
Jordan Garcia,24,Female,0.5611507386592363,0,98,62,0
Darryl Barnes,24,Female,0.5319447812208873,3,78,49,1
Jesse Taylor,25,Female,0.902205483996027,7,86,75,0
Holly Jimenez,19,Male,0.7634706632144523,14,86,78,0
Anthony Obrien,24,Female,0.8373066288937887,8,100,81,1
Anthony Johnson,25,Male,0.733421279090559,12,86,96,0
Steven Jackson,20,Female,0.5153010705814635,6,92,99,1
Nancy Lopez,25,Female,0.8643733562649645,9,57,53,0
Douglas Lewis,21,Male,0.7679412682386163,19,45,61,1
Morgan Coleman,19,Male,0.81616661434159,18,80,60,0
Steven May,24,Female,0.8431050015534556,7,52,50,1
Christine Poole,21,Female,0.9593864806900806,11,69,73,1
Diana Johnson,19,Male,0.8671595778655716,1,80,83,0
Lee Crawford,25,Male,0.5848737206077602,8,46,58,1
Jamie Wheeler,25,Male,0.8721110144748523,12,60,56,1
Troy Jordan,20,Female,0.5936491467667728,12,82,98,1
John Jackson,20,Female,0.6603600739975992,14,74,48,0
Brandi Martinez,25,Male,0.5198355692201686,3,77,63,1
Eric Bennett,18,Male,0.6249747680896884,18,61,91,0
Lorraine Garcia,21,Female,0.6822320460347886,14,53,72,1
Nicole Boyd,23,Female,0.9754655028713943,3,80,92,0
Stephen Baker,21,Female,0.992197302594227,11,76,97,0
Peter Martinez,21,Male,0.5691960766068827,7,42,52,0
Daniel Coleman,25,Male,0.7059573905178189,16,84,96,1
Dr. Kristina Park DDS,24,Male,0.8353527964672477,7,62,95,0
Tara Roman,18,Male,0.685383399077744,14,43,66,0
Matthew Bailey,22,Male,0.693322650424558,20,85,81,0
Erika Hahn,25,Male,0.6093652489768864,17,59,93,0
Lisa Harvey,19,Female,0.912131366540179,19,95,55,1
Christopher Reilly,25,Male,0.7679319948680099,1,59,99,0
Jason Suarez,25,Female,0.8604293153350577,14,92,97,0
Anita Rivera,25,Female,0.9811989677082139,4,89,55,1
Brian Williams,18,Male,0.8424374549226386,13,44,51,1
Renee Mosley,21,Male,0.7828188071354147,6,79,48,1
Zoe Phillips,18,Male,0.7415624299707355,11,51,52,1
Steven Key,21,Male,0.5487155077612037,16,46,56,0
Jennifer Kelly,21,Male,0.740280470687246,0,64,64,0
Kenneth Santana,23,Male,0.895254356001794,15,82,70,1
Rachel Hines,23,Female,0.7475804812083532,13,77,61,1
Robert Wang,18,Female,0.8627307872768333,3,95,57,1
Richard Bell,23,Male,0.6961668051846359,5,62,73,0
Megan Jones,20,Female,0.5007807458357956,8,60,54,1
Jeffrey Hammond,25,Female,0.6431218434532859,10,75,41,0
Shawn Henry,25,Male,0.7877512379184326,15,89,51,0
Patricia Reese,19,Female,0.8634757251170129,6,50,82,1
Anna Hines,19,Male,0.979437242020073,16,83,70,0
Colin Brown,21,Male,0.5697888828563407,5,88,100,1
Sheila Rodriguez,19,Male,0.8006536228059484,1,86,80,0
Christopher Brandt,23,Male,0.7832823424296524,9,81,48,0
Dennis Martin,24,Female,0.7418321030323564,13,53,48,0
Patricia Smith,24,Male,0.6229824949706009,18,100,70,1
Molly Williams,18,Male,0.8442336134951274,16,84,57,0
Hannah Cox,25,Female,0.9268959389958177,1,45,71,1
Veronica Harris,18,Male,0.8274026372984093,0,73,78,0
Mark Christian,22,Female,0.5355695196540246,0,45,75,0
Robert Brown,19,Female,0.734835004883312,16,98,96,1
Willie Garcia,19,Female,0.5703469222828832,1,94,71,1
Amanda Hopkins,22,Female,0.845191603660728,10,77,81,0
Donald Walton,25,Male,0.9153090604294069,6,52,63,1
Tonya Thompson,25,Female,0.719859281171747,0,59,83,1
Jennifer Schmidt,20,Male,0.7335337736725001,1,40,89,1
Patrick Thompson,18,Female,0.5243125554511312,1,46,77,1
Amanda Martin,21,Female,0.5788300619419116,16,59,99,1
Bradley Leach,19,Male,0.6980428976920029,9,44,53,1
Katherine Snyder,25,Male,0.5057341709789926,6,69,97,0
Robert Thomas,19,Male,0.7740917844892885,15,70,93,1
Jonathan Henry,22,Male,0.788598786547237,1,96,41,0
Michael Moore,24,Male,0.9793149486539712,11,77,63,0
Wesley Gray,21,Female,0.8009799606183816,13,69,86,0
Alejandra Williams,24,Female,0.5185588251838801,13,54,86,0
Dustin Flores,23,Male,0.9264912772486039,13,71,63,0
Jeffrey Martinez,25,Female,0.5763911241323763,13,49,52,1
Christopher Taylor,21,Female,0.7992592080946399,19,69,43,0
Elaine Maddox,19,Female,0.7833987810697725,16,70,66,1
Jacob Gordon,22,Female,0.585864279927879,16,49,94,1
William Spears,18,Male,0.5368437437231514,1,64,82,1
Matthew Mcintosh,19,Female,0.9089805729197316,8,49,54,0
Sara Ward,23,Male,0.9289565404501116,1,59,93,1
Wanda West,25,Female,0.9443601225642979,20,77,89,1
Samantha Ortiz,18,Male,0.6848570723152126,8,90,92,1
Thomas Parks,24,Male,0.7293523245035637,18,93,89,0
Mark Davis,22,Female,0.8074526384075738,18,74,90,0
Daniel Rivera,19,Female,0.5668731351150182,2,90,52,0
Rita Graves,21,Male,0.6620832226791897,9,76,44,1
Kaitlin Perez,22,Male,0.8550440261798656,10,70,45,1
Michael Valencia,23,Female,0.6292122402517717,4,44,59,0
Alexandra Davis,20,Male,0.7458908941723409,17,80,100,1
Donna Brown,21,Male,0.7697101319513573,17,65,80,0
Hannah Chavez,22,Male,0.628500421977066,4,46,45,1
Ronald Chang,21,Female,0.8089291644708956,15,71,96,1
Pedro Thomas,23,Male,0.535467289481586,1,87,58,1
Matthew Thompson,19,Female,0.578331745860903,17,48,65,1
Brian Smith,19,Female,0.7912402802547164,8,58,53,1
Daniel Jordan,19,Male,0.7544230207383252,6,95,86,1
Raymond Alvarez,18,Female,0.6095169369283711,2,65,42,1
Danielle Oconnell,19,Female,0.983791480429999,4,94,41,0
Alicia Armstrong,18,Female,0.6542204578742625,8,46,82,0
Charles Romero,19,Female,0.9560842052226117,9,53,92,1
Tonya Singh,24,Female,0.6768903223734176,3,44,67,0
Suzanne Miller,25,Female,0.9246910005381531,18,48,61,1
Daniel Hahn,25,Female,0.8032828133788636,2,84,89,1
Nicholas Hart,20,Male,0.5010575590407302,10,99,100,1
Alyssa Rodriguez,22,Male,0.8507021672631434,14,51,55,0
Beth Singleton,24,Male,0.8297650858932912,4,94,56,1
Kenneth Long,25,Female,0.7602055447139784,10,99,70,0
Aaron White,22,Female,0.6219870373721834,9,83,100,1
Richard Anthony,23,Male,0.9434786532425816,19,95,42,1
John Mata,19,Female,0.5029298475844797,7,80,72,1
Michael Williams,18,Female,0.8670719162132706,18,97,80,0
Joseph Lopez,23,Male,0.5272994358501892,5,45,88,0
Kelly Wade,25,Female,0.6794898935980337,20,78,84,1
Jessica Soto,23,Female,0.7279660718752404,20,42,99,0
Thomas Richardson,20,Male,0.7377546704833087,14,62,84,0
John Price,24,Female,0.5968583494684057,19,45,85,0
Aaron Ross,24,Female,0.7057785042569151,18,66,59,0
Emily Taylor,23,Male,0.7501431170285376,10,85,78,1
Heidi Richardson,23,Female,0.785893429037942,17,95,50,1
Mrs. Allison Little,19,Male,0.8360783728333011,9,94,53,0
Andrea Kennedy,22,Female,0.7854782686316901,11,47,88,1
Crystal Long,19,Female,0.5585378145537816,6,74,100,1
Anthony Porter,24,Female,0.5296583447903689,16,80,60,0
Shelby Harris,22,Female,0.557099855903628,7,98,94,1
Amber Tyler,25,Female,0.768583103110005,0,86,56,0
Juan Hunter,24,Male,0.6918359116477538,4,69,92,1
Jamie Ross,19,Male,0.7423473509498348,2,50,55,0
Darlene Anderson,19,Female,0.9502826258455768,13,57,87,1
Melissa Turner,23,Female,0.9577550059862043,12,69,40,0
Erin Johnson,20,Female,0.7905950097744123,0,86,45,0
Dr. William Tate,23,Female,0.7335561232540593,14,62,59,1
Anthony Cook,25,Female,0.9105763449316786,12,71,92,1
Brandon Walters,24,Female,0.6022113224095796,1,44,54,0
Robert Wilson,25,Male,0.5022131476506773,3,96,89,0
Andrew Allen,19,Male,0.5528737605812264,13,57,76,0
Cathy Hampton MD,23,Male,0.9719628712578234,5,41,57,0
Brandon Wallace,23,Female,0.8224922597491924,11,90,100,0
Lisa Banks,23,Female,0.8228811458087597,3,52,67,0
Rebecca Pearson MD,21,Female,0.6589168474138358,20,75,50,1
Keith Haynes,19,Female,0.794058707978993,1,63,84,1
Mary Kline,18,Male,0.6429955457369212,20,81,62,0
Zachary Williams,18,Male,0.9006890148669229,16,81,94,1
Brittany Patton,20,Male,0.6315205167189535,3,64,76,0
Kevin Reynolds,21,Female,0.9266571187744538,19,42,61,1
Paul Noble,18,Female,0.6968396910884228,16,65,94,0
Elizabeth Johnson,23,Male,0.9821186706672442,19,54,53,0
Lisa Campbell,25,Male,0.8506564162589539,15,67,96,0
James Lee,18,Female,0.6653240362806128,19,44,50,0
Jeffery Lawrence,20,Male,0.6876793189301331,16,72,52,0
Timothy Moyer,25,Female,0.556962792886444,16,99,86,1
Angela Rowe,25,Female,0.6988169721780193,12,92,46,1
Megan Atkinson,19,Male,0.9007743754597686,20,96,91,0
Jennifer Wilson,21,Female,0.8128527393718136,5,59,89,0
Joshua Ingram,19,Male,0.6911525364588451,5,72,87,0
Kristina Brewer,19,Female,0.8681211085701763,14,73,74,0
David Hill,20,Female,0.7760334864382376,20,40,88,1
Douglas Adams,25,Female,0.5798578374805964,9,45,42,0
Brooke Bautista,19,Female,0.5577015543815551,15,60,41,1
Briana Obrien,24,Female,0.8521025389375596,17,49,81,1
Austin Fitzgerald,20,Male,0.9717147244397651,1,44,85,0
Austin Mclaughlin,24,Female,0.8656179049775738,5,55,52,0
Michael Jackson,21,Male,0.8753588936079479,20,62,75,0
Sheila Dunlap,25,Male,0.5008189067051361,12,65,58,1
Mark Vazquez,21,Female,0.5097381079614498,9,93,77,0
Scott Martin,20,Female,0.9779658886935045,15,85,86,1
Joseph Keith,24,Female,0.6485480086700194,10,71,90,1
Jody Welch,21,Female,0.7727534280223147,7,82,70,1
Cameron Blake,19,Male,0.5780274613111851,1,60,53,0
Scott Ferrell,19,Female,0.6523544543514608,14,81,90,0
Ryan Esparza,23,Female,0.8431410904233054,17,74,91,0
Christopher Thomas,23,Male,0.54421265454851,1,63,76,0
Eric Garcia,20,Male,0.8030745541338746,12,59,55,0
Emily Gillespie,18,Male,0.7321712270546161,16,69,91,1
Lindsay Howard,20,Female,0.8490690093574642,12,59,66,1
Timothy Adkins,25,Female,0.928443714899056,18,64,85,1
Jody Adams,22,Female,0.6390374518352955,20,72,81,0
Edward Conley,22,Female,0.9078609680664953,1,78,76,0
Wendy Dunn,24,Female,0.90088419351538,1,91,80,1
Tricia Chavez,19,Male,0.6813127412020907,3,80,59,0
Lorraine Johnson,23,Male,0.7235642056317323,2,83,59,1
Laura Long,18,Male,0.8135473694988531,0,85,73,1
Sarah Sandoval,24,Female,0.9373271509593681,6,55,55,1
Kevin Price,23,Male,0.6400940762270151,18,62,92,0
Amanda Irwin,20,Female,0.6366775107416478,1,81,81,1
Alicia Gonzalez,19,Male,0.8704788831010479,14,93,60,1
Stephen Barker,21,Male,0.9108792876800155,19,61,52,1
Alyssa Johnson,22,Male,0.9505986990072857,14,100,73,0
Haley Rivera,20,Male,0.6853168563083862,9,85,61,0
Richard Graham,18,Male,0.655674582788366,6,47,67,0
Tammy Stafford,18,Male,0.668784734046298,7,60,98,0
John Cervantes,20,Male,0.632409460813491,10,47,69,0
Steven Johnson,23,Male,0.6572011938425264,14,100,45,1
Ronald Morrow,25,Female,0.5400498330395721,12,86,91,1
Jordan Johnson DVM,25,Male,0.9648413391502456,2,47,58,1
Michael Campbell,19,Female,0.6425883997280456,6,47,59,1
Paul Roberts,23,Female,0.5108735359841474,19,94,82,1
Julie Johnson,25,Male,0.9945926548632318,11,61,58,1
Donna Long,22,Male,0.5766217313155835,11,77,81,0
Robert Hopkins,18,Female,0.8743287946587819,11,91,52,1
David Smith,22,Female,0.6511578102534564,8,61,78,0
Steven Bradley,25,Female,0.8410483392631751,0,66,82,1
Jason Williams,22,Male,0.5475403512503836,5,86,49,1
Tamara Campbell,21,Male,0.7739311283953003,19,96,68,0
Amber George,21,Female,0.5763175681535864,8,66,58,1
Eric Edwards,19,Female,0.7834621196613527,7,97,51,0
Corey Bright,24,Male,0.6634430998199379,5,96,59,0
Katie Miller,18,Male,0.9567722085570367,7,43,78,0
Brittany Dominguez,25,Male,0.5423945178194642,13,68,78,0
Laura Andrews,18,Male,0.7298509918081064,6,100,98,0
Tonya Thompson,25,Female,0.5370456561642016,13,90,97,1
Jesus Irwin,24,Male,0.7612731197444547,11,97,41,1
Steven Smith,19,Female,0.5557844056476899,19,49,74,1
Heather Jacobson,24,Male,0.5010159631901295,16,53,86,1
Diane Flynn,23,Female,0.6492322052960581,18,81,46,1
Debbie Espinoza,24,Male,0.540558947025081,5,74,41,1
Kimberly Maldonado,22,Male,0.9631361832889687,4,59,55,1
Melissa Braun,25,Female,0.5952219400424827,7,94,81,1
Adam Williams,21,Female,0.9029247034612421,3,82,72,0
Stacy Brown,23,Male,0.5263540661651551,13,42,52,1
Jordan Erickson,19,Female,0.6545639151278375,16,88,40,1
Benjamin Olson Jr.,19,Male,0.8241926818484406,19,93,67,0
Jamie Dawson,19,Female,0.6886008434533863,1,96,98,0
Patricia Brown,22,Female,0.7683693427206387,9,61,88,1
Frances Diaz,25,Male,0.7985132259941412,11,80,100,1
Mark Peters,18,Female,0.5771993056771951,13,74,48,0
Martin Collins,23,Female,0.8737664548407336,10,88,49,0
Kimberly Stevens DVM,20,Female,0.9887781164771066,5,55,85,0
Julie Jones,19,Male,0.8034892449525645,20,72,47,0
Patrick Morris,21,Female,0.5032734468913673,14,45,51,0
Andrea Thompson,25,Male,0.8542749510658453,9,71,82,0
Jessica Smith,18,Female,0.5473405351643947,5,87,83,1
Lori Wright,20,Male,0.7969646366736746,10,72,74,0
Charles Tucker,22,Female,0.5953368196882447,18,48,66,0
Ashley Barnes,23,Male,0.6321175884573293,12,79,58,0
Christine Price,24,Female,0.5385917112363667,13,90,69,1
Hannah Wilson,20,Male,0.5754579847458661,10,80,78,0
Diane Thompson,21,Male,0.6617145075432396,16,90,81,0
Lauren Jones,23,Female,0.5211092982896786,4,41,49,1
Tyler Smith,19,Male,0.5253821308246563,3,92,55,1
Mr. Thomas Castillo DDS,20,Male,0.6493360384771704,7,80,96,0
Stacy Alexander DDS,20,Male,0.6143535769973116,0,63,100,1
Adam Gibbs MD,21,Male,0.5889679141602622,11,93,73,1
Troy Wise,23,Male,0.8513664481221943,12,95,100,0
Pamela Sherman,21,Female,0.9784636889493772,10,62,46,0
Danny Bates,25,Female,0.5892123047155162,1,81,94,1
Ryan Martin,21,Male,0.8964218385246001,4,51,81,0
Michael Gibson,20,Male,0.7259665092788079,2,96,99,1
Amy Dyer,25,Female,0.9619389347350068,12,82,70,1
Matthew Stephens,24,Female,0.8557317379682925,16,42,66,0
Emily Miller,19,Male,0.9326149595109255,10,86,74,1
Timothy Gutierrez,22,Male,0.7124933201518887,1,84,79,1
Patricia Schaefer,21,Female,0.9846049032415287,5,61,95,1
Sarah Mahoney,21,Male,0.6769566654412326,16,62,69,1
Amber Evans,20,Male,0.5211216852834258,8,40,75,0
Michelle Landry,19,Male,0.9535407474971924,16,76,66,0
Heather Klein,24,Female,0.9985569367718314,1,97,57,1
Melinda Cruz,18,Male,0.7039613540910599,14,82,63,0
Kaitlyn Daniels,20,Female,0.5549417513269173,16,49,62,0
Jennifer Bell,24,Female,0.8392413658855267,1,67,69,1
Kathleen Odonnell,23,Female,0.55520033906837,15,49,87,1
Charles Stewart,20,Male,0.9801034943269612,3,49,86,1
Lynn Bryant,24,Female,0.7744510275456964,0,61,52,1
Angela Church MD,22,Male,0.8155347863670245,12,100,79,1
Anna Hart,23,Female,0.5453604628793219,15,95,43,1
Travis Elliott,24,Female,0.773271688736344,3,59,80,1
Paul Anderson,20,Female,0.6861367144628621,10,80,70,0
Kristina Mckenzie,19,Male,0.9559271248713486,3,82,71,1
Ronald Henderson,18,Male,0.5201858238728614,2,65,85,0
Ashley Collins,25,Male,0.509445802375581,19,40,69,0
Allison Brown,23,Female,0.5338805340517758,18,74,87,1
Amanda Jackson,21,Male,0.5919525756283692,18,74,75,1
Rita Ball,22,Female,0.9778700583340356,11,59,83,0
Matthew Cox,22,Male,0.5465005614551779,16,52,84,1
Maria Young,18,Male,0.7548132858870003,19,51,69,1
Dennis Preston,20,Male,0.5686131742459966,16,65,91,1
Valerie Duke,25,Male,0.6854575194793874,20,68,89,0
Jeffery Cooper,19,Male,0.7168752057943,15,82,69,0
Kristen Pitts,25,Male,0.6035717851568102,18,43,86,0
Adam Mosley,19,Female,0.5370516144771873,11,40,41,0
Wesley Wilson,21,Female,0.9492247696233655,3,58,84,1
Joshua Yates,25,Male,0.5990369947414109,4,48,92,0
Sherry Dougherty,23,Male,0.6452279363773424,12,63,57,0
Craig Campos,25,Female,0.7478203911408225,13,58,49,0
Marie Mcgee,21,Female,0.7140102110581973,4,43,81,1
Jordan Rose,23,Female,0.9338302812555348,17,69,79,1
Randall Alexander,21,Male,0.5215810468176657,0,79,62,1
Brian Hunt,25,Female,0.8377048117930723,2,59,78,1
Dana Sanchez,24,Female,0.6422102139979847,7,98,94,1
Pamela Jackson,25,Female,0.7708398094448752,10,56,49,1
Hannah Smith,18,Male,0.7081740802346714,5,75,45,0
Casey Smith,23,Female,0.8863882582377426,14,41,54,1
Jody Sanchez,23,Female,0.8152966900938937,4,54,86,0
Julie Collier,18,Male,0.591906088545574,3,68,64,0
Randy Shields,21,Male,0.5022043599571966,11,40,68,0
Charles Morgan,25,Female,0.7816553179464631,15,96,87,0
Jeremy Rice,22,Female,0.5684006789708221,20,98,76,1
Patricia Collins,18,Female,0.9185345879066134,19,47,86,0
James Gonzalez,18,Male,0.8865694557668853,14,88,90,1
Anna Gutierrez,25,Female,0.9136580074038296,9,57,51,0
Michael Schultz,20,Male,0.5308576680205834,5,95,69,0
Max Boyd,20,Female,0.8907338918514787,20,90,55,0
Morgan Mccarthy,25,Female,0.881213553990027,13,74,64,1
Jon Lowe,21,Male,0.586775250181262,0,95,56,0
Timothy Thomas,25,Female,0.9788875844612898,2,73,45,1
Austin Perry,24,Male,0.937400448723132,3,83,53,0
Stephanie Moran,19,Male,0.5538659375425403,0,63,48,0
Christopher Allen,21,Male,0.8963262610711145,2,76,70,0
Tammy Johnson,23,Female,0.8235159400437713,17,76,77,0
Dennis Cooley,23,Female,0.7365386930040908,20,94,76,0
Dr. Sarah Santiago,20,Male,0.6172807703797516,8,98,50,0
Meghan Watts,23,Female,0.78708955169084,3,58,47,0
Steven Lane,22,Male,0.7108864066419179,13,72,100,0
Michele Brown,22,Male,0.5548554420120413,11,63,73,0
Natalie Gonzalez,18,Male,0.9573668258500918,7,44,58,0
Eric Hartman,20,Male,0.5196976331951038,2,50,92,1
James Marshall,21,Female,0.7943515428124478,0,93,61,0
Crystal Figueroa,24,Male,0.7176928543532828,6,55,72,1
William Duncan,23,Female,0.7112095943224024,10,55,63,0
Nicholas Allison MD,19,Male,0.8061639219627716,17,90,74,1
Joel Zavala,19,Female,0.9053697342823828,20,65,85,1
Kevin Torres,20,Male,0.7665831624544837,17,58,94,0
Joshua Barrera,23,Female,0.5848435149164191,16,93,98,1
Matthew Dawson,24,Male,0.6206141021592366,1,98,93,0
Johnny Richard,19,Female,0.6574212395099872,10,51,50,1
Nicholas Garcia,18,Female,0.7448284935740797,10,63,54,1
Victoria Sanchez,21,Female,0.6675646988555298,8,69,79,1
Elizabeth Marshall,18,Female,0.8150347452817115,14,44,70,1
Sally Powell,22,Male,0.7149814815265279,4,86,85,0
James Bell,25,Female,0.7517167848255848,18,92,50,1
Andrew Cunningham,21,Male,0.8384794683514515,9,58,77,1
Miranda Smith,23,Female,0.874103512473361,3,98,51,1
Nancy Myers,20,Female,0.9462731973233096,17,52,82,0
Patty Singh,23,Male,0.6574893455872841,10,80,68,0
Michael Brewer,21,Female,0.8670080704458804,19,46,83,1
William Berry,18,Female,0.5814769608324499,4,52,74,1
Jennifer Jones,24,Female,0.9057419330173799,15,87,70,1
David Smith,23,Male,0.5769966976587187,11,73,42,0
Christopher Peterson,23,Female,0.8381570332650956,7,55,97,1
Melissa Gardner,21,Female,0.5461936973501642,7,59,47,0
Sarah Hernandez,21,Male,0.9869497150381785,1,89,46,1
Jacob Hill,22,Female,0.7274046989052374,13,91,61,0
Tommy Bass,19,Male,0.9075900293814441,13,52,48,1
Sherry Raymond,24,Female,0.7501968001284869,7,50,91,1
Sandra Hall,20,Male,0.6635532600001168,14,53,54,0
Bryan Williams,25,Male,0.6319250899889204,8,54,68,1
Alexandria Herring,23,Male,0.6872615685523282,10,98,60,1
Natalie Reynolds,23,Male,0.7520143948735499,19,95,51,1
Catherine Alexander MD,23,Male,0.7525956432337214,19,96,61,1
Terry Luna,24,Female,0.913318334275071,19,43,46,0
Carlos Moreno,24,Male,0.7753019636746361,15,67,76,1
Rhonda Lee,18,Male,0.6056680689829221,5,99,79,1
Victor Lopez,25,Male,0.791656268454765,12,58,41,0
Samantha Conway,25,Female,0.6100793891760524,6,51,84,0
Dan Griffin,18,Female,0.5364051911151324,20,62,61,1
Matthew Knapp,24,Male,0.5175093166491915,7,59,97,0
Shelia Thomas,23,Female,0.960289780668329,18,79,97,0
Matthew Waters,24,Female,0.8205506116328704,0,51,57,1
Angela Hayes,20,Male,0.9369564154401142,8,77,79,0
Maria Gonzalez,21,Female,0.7293769154622899,11,65,93,0
Jeremy Evans,23,Male,0.8929160013162091,17,88,92,1
Charles Perez,18,Female,0.56104978044645,7,51,54,1
Rose Aguilar,25,Female,0.9741060330896254,17,48,58,1
David Gardner,21,Female,0.9833964616057855,5,75,88,0
Nicholas Lopez,25,Male,0.8708859432705842,1,64,96,0
Kimberly Edwards,20,Male,0.9461171891234547,8,45,90,0
Travis Hopkins,18,Male,0.5069196336215647,12,51,89,0
Laurie Johnson,19,Female,0.7091493411300909,1,52,73,1
James Smith,20,Female,0.9459544420271278,19,46,68,1
Ms. Belinda Walton,19,Male,0.6104704084807187,8,52,70,0
Courtney Patrick,22,Female,0.8628297091149189,11,82,70,1
Matthew Ramos,22,Male,0.6704106805006744,18,87,97,1
Deanna Black,22,Female,0.9224171134828972,12,78,87,0
Matthew Martinez,19,Female,0.8445831690340456,15,71,81,0
Dana Blake,23,Male,0.901515237245579,12,92,60,0
Ryan Boone,25,Female,0.8358829044022322,10,96,51,1
Jenny Lee,25,Female,0.5544715471077869,2,78,50,1
Clifford Wheeler,21,Female,0.8522422110495876,20,40,67,1
Anthony Williams,22,Male,0.9524981486534323,14,74,83,0
Tiffany Parker,25,Female,0.6562968161791864,5,49,53,0
Rhonda Jones,19,Male,0.5858177512057972,10,81,43,0
Stephen Potter,25,Female,0.8148174361431003,0,93,95,0
Julie Carpenter,18,Male,0.6980171051460842,0,74,99,1
Shelley Brown,22,Female,0.9556961946599658,17,55,84,0
Ruben Riley,23,Female,0.6597828554811843,6,42,70,0
Victoria Lewis,22,Male,0.959417597186047,10,67,44,1
Jennifer Griffin,22,Female,0.7491452992784147,5,62,67,0
Carla Poole,25,Male,0.8911336917279113,14,97,99,0
Edward Cunningham,21,Female,0.7940302242735384,0,47,65,0
William Mcfarland,20,Male,0.5199500799151001,2,96,65,1
Kevin Jones,19,Female,0.8338260934005877,2,51,51,0
Kathy Reyes,24,Female,0.841405418372664,12,68,95,0
Renee Medina,25,Female,0.9764987815824611,7,68,88,1
Matthew Patterson,18,Female,0.5176713867832845,9,59,86,1
Patrick Dixon,25,Male,0.7317138963349561,17,95,51,1
Lisa Ferrell,24,Male,0.7369085505879862,17,40,54,1
Andrew Ramirez,23,Female,0.668178580250772,8,71,55,1
Mrs. Anne Alexander,23,Male,0.5788622822147098,17,95,99,0
Michael Garcia,19,Female,0.5598259123767493,10,64,62,1
Elizabeth Thompson,25,Male,0.9627141641880523,10,85,72,0
Joseph Hall,18,Male,0.9464067271802574,14,75,73,0
Angela Schmidt,25,Female,0.6400405887282148,12,90,75,1
Dominic Arnold,22,Male,0.634211957380826,14,40,62,1
Jodi Young MD,22,Female,0.702761869414809,9,57,89,1
Michael Perez Jr.,23,Male,0.640627165780358,8,40,95,0
Charles Leonard,22,Male,0.7970773128913263,16,54,89,1
Andrew George,20,Female,0.8449151948565244,13,92,53,0
Amber Thompson,23,Female,0.7887931707069393,18,50,41,1
Ashley Burton,22,Male,0.8132895224192493,3,78,73,0
Hannah Becker,24,Male,0.721396192387493,7,65,69,0
Raymond Chen,24,Female,0.930307648956709,14,56,79,0
Stacey Cherry,24,Female,0.7209835908530293,20,72,42,1
Marvin Hill,18,Female,0.7911621349978314,11,65,59,0
Victoria Sheppard,20,Male,0.6749555289517424,1,100,87,1
Sarah Daniels,19,Female,0.8593832940918096,9,55,72,0
Holly Gregory,22,Female,0.5437744883444655,1,74,89,0
Nicholas Lee,18,Male,0.7193808476196857,17,84,47,0
Jeremy Bell,23,Female,0.5549560187652768,19,95,55,1
Helen Ramirez,19,Female,0.939106150982528,17,77,78,1
Jessica Oliver,24,Female,0.589469263850819,7,52,62,1
Jennifer Bell,24,Male,0.6591141880373846,16,72,69,1
Richard Campbell,24,Male,0.5337352333259135,12,92,95,1
Natalie Mann,24,Male,0.567094033985335,15,61,62,1
Angela Knapp,20,Male,0.7469872899413601,3,69,53,1
Maria Peters,23,Female,0.8504281402144356,17,80,74,1
Cynthia Rogers,18,Female,0.6410902278808618,10,100,40,1
Michael Moore,22,Female,0.642795624688889,3,52,52,1
Larry Juarez,22,Male,0.6624285113132262,5,58,77,1
Melissa Townsend,22,Female,0.828772751257558,7,74,44,1
John Juarez,20,Female,0.8821878042903011,16,48,49,1
Ronald Lloyd,22,Female,0.5823546466506568,0,87,77,0
Lisa Page,19,Female,0.9876415169324553,19,99,74,1
Kimberly Burke,19,Female,0.9243635164219822,19,93,49,1
Victor Watson,25,Male,0.5190964231036543,1,56,93,0
Mary Martinez,18,Female,0.8936661434154154,3,87,83,0
Amanda Vega,24,Male,0.6121335381386017,12,55,69,1
Michele Myers,25,Female,0.5925645390445066,10,85,67,1
Brian Meza,20,Male,0.5268399270852588,14,79,88,0
Brian Myers,24,Male,0.7717745548561026,18,81,92,0
David Middleton,20,Male,0.5539037786442311,3,52,71,1
Steven Allison,19,Female,0.6407072661048949,5,87,86,1
James Dickerson,20,Male,0.9561942326724944,4,64,40,1
David Anderson,21,Female,0.5409505852798413,4,83,41,0
Connie Boyd,22,Male,0.8579374174001864,13,72,48,0
Erica Willis DDS,25,Female,0.799746382946179,6,71,57,1
William Johnson,18,Female,0.9451728945890898,6,68,89,1
Jamie Hernandez,22,Male,0.9657700622554477,5,85,72,1
Ruth Avery,21,Male,0.6397037589937261,13,60,95,1
Kristen Gomez,18,Male,0.606906668327736,16,100,70,0
Laura Jimenez,24,Female,0.616840096345487,12,67,69,0
Kelly Fischer,20,Male,0.5080306970698885,8,66,48,1
Melissa Mayo,21,Female,0.6847502343065873,5,52,94,1
Kaitlyn Huber,24,Male,0.7435077468629183,4,66,97,1
Aaron Valencia,22,Female,0.5715279289373513,1,55,60,1
William Jennings,24,Female,0.589350128334525,12,53,100,1
David Ryan,20,Male,0.7304086200735578,9,49,40,1
Ashley Mccann,18,Female,0.5331522313237524,12,96,79,0
Gwendolyn Gonzalez,18,Male,0.9185970513242308,7,74,52,0
Todd Moore,19,Female,0.7072744383174947,7,70,79,0
Eric Holmes,24,Female,0.5418023792990116,16,76,48,0
Caleb Hall,18,Male,0.5110284479002578,0,82,84,1
Nicole Randall,22,Male,0.6965624040194354,5,69,72,0
Ryan Moore,25,Male,0.719999905389654,3,84,50,1
Kimberly Lyons,19,Male,0.7998543858507281,12,97,57,0
Timothy Brown,21,Male,0.5976713395910203,4,92,71,0
Jenna White,23,Female,0.7103051762951036,15,97,69,0
Elizabeth Turner,24,Female,0.7362912430919724,5,41,44,1
Michelle Sanchez,21,Female,0.6978348986236225,16,82,47,1
Paul Kim,24,Female,0.9097456233231574,20,72,68,1
Carmen Price,24,Male,0.6823302125211869,13,64,45,1
Jessica Hill,25,Female,0.5430667496253392,18,85,74,0
Jane Hardy,20,Male,0.5174714805386063,11,40,53,0
Joshua Rasmussen,18,Male,0.6076907064777057,18,80,55,1
John Ramirez,24,Male,0.5250175107787223,11,56,66,1
Marc Kirk,24,Male,0.5718229744945252,12,61,68,1
James Williams,18,Female,0.5095610110201136,2,62,80,0
Kimberly Booker,23,Female,0.6866336050427525,19,100,72,1
Monica Poole,25,Male,0.5218270740626767,12,59,64,1
Julie Smith,23,Male,0.9776792746780132,12,77,97,0
Stephanie Carter,23,Male,0.7260071261437591,6,42,60,0
Michael Owen,19,Male,0.6640487198314755,13,54,51,0
Megan Lowe,18,Female,0.5930227231140747,1,63,50,0
Alexandra Mayo,25,Female,0.913363301234345,2,69,50,0
Tina Calderon,19,Male,0.9513556335460166,0,79,74,1
Lawrence Bernard,24,Male,0.9535698245016795,16,75,95,1
Colleen Harrell,19,Male,0.5645629219591843,3,90,48,0
Erica Carlson,18,Female,0.9386798863824766,5,50,49,0
Janice Melendez,21,Male,0.6894266700499142,19,75,52,1
Nicole Richards,22,Female,0.5378058587415057,10,88,57,0
Amy Reed,24,Male,0.8013752715096849,18,86,97,1
Heidi Clark,21,Male,0.866124036635388,11,59,75,1
Michael Hahn,22,Male,0.7559138812156334,15,68,80,0
Daniel Villanueva,25,Female,0.6633076752385614,1,55,52,0
Christopher Johnson,20,Female,0.8645970970883838,9,90,98,1
Susan Johnson,20,Male,0.6205846438342659,8,85,54,0
Katie Hays,19,Male,0.7563868502545708,7,92,71,0
Michael Hill,19,Male,0.9201598564883465,5,99,88,0
Anthony Miller,22,Male,0.9452079480291471,10,58,75,1
Kimberly Wiggins,21,Male,0.9372098805200818,15,79,78,1
Adam Taylor,18,Female,0.9971035033530953,10,82,81,0
George Fuller,24,Male,0.6954363390389471,10,88,88,0
Olivia Whitney,21,Male,0.6539749602681039,0,95,80,1
Jennifer Carr,22,Female,0.7148800101371597,11,91,51,0
Jennifer Smith,25,Male,0.6179347277820242,8,91,69,0
Anthony Tanner,25,Male,0.8412868596426532,9,40,71,1
Joan Gill,21,Male,0.7091074584901751,9,55,43,1
Kimberly Adkins,19,Male,0.6409302535101096,6,72,66,0
Beth Fowler,25,Female,0.9519449292846669,0,73,100,1
Matthew Walters,23,Male,0.6556640526214943,14,98,63,1
Jennifer Hall,23,Female,0.8586727646665073,18,93,71,0
Sandra Allen,18,Female,0.65873349814325,19,64,67,0
Samantha Edwards,19,Male,0.6869390933323565,0,81,63,1
Ryan Jackson Jr.,25,Male,0.7759925431885069,5,99,88,1
Michael Ortiz,19,Female,0.9417423588892344,8,64,48,0
Greg Brown,18,Male,0.9328000264774846,20,45,69,0
Dr. Tyler Lewis,19,Female,0.5290901942396007,8,68,88,0
Rachel Kerr,23,Female,0.8866212504472999,6,49,70,0
Angela Johnston,20,Male,0.7978712316913057,8,75,57,0
Diana Forbes,25,Female,0.746258134976119,6,67,68,1
Sandra Stone,24,Male,0.79158175768669,3,62,58,1
Heather Baker,23,Male,0.6119440191584502,15,41,86,0
Tyrone Morgan,24,Female,0.8379416125483439,9,46,60,1
Thomas Taylor,20,Female,0.8404245176240198,1,68,60,0
Morgan Avila,22,Male,0.5691212988228018,4,58,58,0
Michael Rogers,19,Male,0.983944993908236,8,66,48,1
Victoria Williams,19,Male,0.8950054726315626,19,67,43,0
Terri Murphy,25,Male,0.9410910875668176,17,94,48,0
Holly Bailey,19,Female,0.5619743606188654,19,93,66,0
Valerie Parker,25,Male,0.8628435497285958,1,80,91,1
David Phillips,23,Male,0.5259358417748854,4,49,66,0
Suzanne Parker,25,Male,0.8604354381742876,1,89,91,0
Mary Collins,22,Female,0.8821659447770863,16,67,76,1
Tracy Gordon,18,Female,0.7266379245651164,3,93,81,1
Leslie White,18,Male,0.9083014927344033,2,90,91,1
Laura Davenport,23,Female,0.5156296032742186,0,63,84,1
Kimberly Morales,23,Male,0.8773857044119455,12,77,67,1
Patty Lewis,19,Female,0.6491083670313817,11,98,65,0
Jonathan Smith,19,Male,0.7983673933155234,7,86,62,1
Scott Thomas,21,Female,0.5993345210074779,0,67,77,1
Alicia Clarke PhD,25,Male,0.7946317356505119,15,76,60,1
Julia Stewart,20,Male,0.7271874599112869,6,48,93,0
Chad Morris,20,Female,0.7059791401591976,0,52,42,1
Stacey Norman,25,Male,0.5206464548282808,12,48,80,0
Taylor Robertson,21,Male,0.5769730329811535,10,43,68,0
Brooke James,20,Female,0.7152351730508938,4,63,83,0
Harold Thomas,21,Female,0.6568524435728086,11,76,63,0
Robert Cook,24,Male,0.7779403873647941,12,80,43,1
Lisa Winters,19,Male,0.713639251635721,5,48,85,1
Jonathan Lee,19,Male,0.5244471869169272,13,68,76,1
Theresa Bond,18,Female,0.7819764134970697,1,62,77,0
Teresa Mcdonald,23,Female,0.7173452179535683,13,46,55,1
Connie Price,23,Male,0.5589963188386329,7,79,96,1
James Norton,20,Male,0.7577164440965273,19,40,100,1
John Coleman,25,Male,0.8138720335775429,15,78,50,1
Lisa Hernandez,19,Male,0.6916723409157375,5,73,65,1
Mary Gates,19,Male,0.5071509502223692,19,78,75,0
William Preston,21,Male,0.5591522881205049,19,83,42,0
Shannon Gonzalez,19,Female,0.6817916009495723,15,78,82,1
Lauren Smith,23,Female,0.6524325038296805,9,83,48,0
Charlotte Hensley,21,Male,0.5998547139694956,0,40,78,0
Christina Kelley,20,Male,0.510914794307413,15,84,76,0
Danielle Robinson,22,Male,0.9614250069087618,11,99,75,1
Evelyn Barr,20,Female,0.932291556359138,4,46,84,1
Brian Bright,21,Female,0.8836796536195204,10,71,59,1
Ms. Lauren Stein,21,Female,0.5691468929983395,8,48,80,1
Jose Williams,20,Male,0.5248002422111202,18,71,83,1
Ricky Miller,21,Female,0.6611516831588804,6,57,81,1
Matthew Lee,21,Female,0.8762674932469201,9,57,58,1
Isaiah Terry,18,Female,0.9247261033653384,5,54,45,1
Monica Dixon,22,Male,0.773446412404892,6,83,62,1
Monica Flowers,22,Male,0.6510873299672475,12,58,94,1
Rhonda Conway,23,Male,0.6421685381077988,4,57,76,0
Kimberly Mathews,20,Female,0.9997500377627055,15,81,68,0
Ryan Solis,18,Male,0.5078456351461584,19,43,67,0
Samantha Combs,23,Male,0.5148163640440166,19,93,89,0
Judy Benson,22,Female,0.805949895117849,15,80,81,1
Leah Combs,19,Male,0.9329721908801727,17,90,93,0
Scott Campbell,18,Female,0.7988203131220213,12,59,43,1
Teresa Casey,21,Male,0.5887712175342095,14,52,56,1
Stephanie Burns,25,Female,0.8820298330890859,17,53,97,1
Veronica Johnson,23,Male,0.765141071774307,2,98,57,0
John Sanchez,23,Female,0.834784803775586,15,94,63,0
James Bowman,24,Female,0.9693432773781476,14,70,81,0
Katherine Hill,22,Male,0.6642230350240286,17,89,40,1
Patrick Johnson,20,Male,0.9962154005613506,19,93,41,0
Deanna Myers,24,Male,0.6982794440745808,5,42,94,0
John Walker,22,Female,0.7822715810835181,13,98,49,0
Jordan Harris,24,Female,0.5970171587766486,9,47,41,1
Sarah Stafford,18,Female,0.7909758363908297,3,57,71,1
Mrs. Leslie Miller,22,Female,0.6628706710525738,14,44,63,0
Caleb Doyle,23,Male,0.9281109145387009,8,93,50,1
Jamie Austin,21,Female,0.5820097075783361,8,82,70,0
David Bartlett,19,Male,0.8471071642454692,18,98,52,0
Colleen West,21,Female,0.6653002361061495,1,98,86,1
Benjamin Moss,19,Male,0.7259710464164496,12,47,52,0
Shannon Blackburn,20,Male,0.8706602811180792,15,61,64,0
Nicole Alvarez,21,Male,0.5927821502792215,8,44,99,1
Deborah Kirk,18,Male,0.5136016965462171,4,99,75,0
Christian Evans,25,Male,0.5936919099263538,4,75,85,0
Gina Allen,24,Female,0.8656833774668746,13,50,42,0
Mark Barnett,19,Female,0.9909883491273179,18,90,90,0
Brooke Werner,19,Female,0.6430827283316163,7,53,96,1
Sarah Soto,18,Female,0.8155861098565439,20,90,76,0
Lauren Bailey,22,Male,0.8784948478791518,9,61,93,1
Daniel Friedman,23,Male,0.747946884244615,3,78,97,0
Michael Buchanan,24,Male,0.8651031264853832,1,70,47,0
Christopher Brown,22,Male,0.5472688201736379,7,66,74,0
Andrea Price,22,Male,0.5713887261270807,13,75,50,1
Francisco Pitts,20,Male,0.6939516529066991,1,81,73,0
Kerri Maynard,18,Male,0.5319892015927508,13,97,91,0
Corey Mora,22,Female,0.9444327038073244,5,83,74,1
Diane Long,20,Male,0.693890115821322,11,61,85,0
Marvin Bauer,22,Female,0.8016710958979447,0,62,54,1
Catherine Brown,19,Female,0.7078561063626524,1,97,75,0
Janice Cohen,24,Male,0.9494991415008585,6,93,88,0
Terry Abbott,23,Female,0.5848346509123279,0,50,55,0
Mary Hampton,23,Male,0.7747606940613485,17,69,52,0
Thomas Christensen,23,Male,0.8734680748428757,18,81,58,0
Lisa Parks,18,Female,0.9879746029554495,8,85,94,1
Elizabeth Richardson MD,22,Male,0.9626519176650867,15,42,89,0
Christina Townsend,23,Male,0.6399965897810982,10,73,71,0
Stephanie Little,20,Male,0.8188457556720568,16,44,82,1
Melissa Gordon,21,Female,0.5122951986495281,11,61,98,0
Elizabeth Crosby,25,Female,0.8888428461354265,1,82,98,0
